Bericht;Berichtklasse;Berichtelement\Datatype;CDT-element\Datatype;CDT-element\Datatype;Sleutelelement;Codelijst;Regel;Soortregel;Regelcode;Retourcode
JW Retour;Header;IdentificatieRetour\LDT_IdentificatieBericht;;;;;RS017: Maximale lengte 12 posities;Restrictie;RS017;
JW Retour;Header;IdentificatieRetour\LDT_IdentificatieBericht;;;;;RS033: Geen lege elementen in XML.;Restrictie;RS033;
JW Retour;Header;DagtekeningRetour\LDT_Datum;;;;;RS032: Datum vullen zonder tijdzone.;Restrictie;RS032;
JW Retour;Header;XsltVersie\LDT_Versie;;;;;RS048: Vullen met een versienummer bestaande uit drie gehele getallen, gescheiden met punten.;Restrictie;RS048;
JW Retour;Header;XsdVersieRetour\CDT_XsdVersie;BerichtXsdVersie\LDT_Versie;;;;RS048: Vullen met een versienummer bestaande uit drie gehele getallen, gescheiden met punten.;Restrictie;RS048;
JW Retour;Header;XsdVersieRetour\CDT_XsdVersie;BasisschemaXsdVersie\LDT_Versie;;;;RS048: Vullen met een versienummer bestaande uit drie gehele getallen, gescheiden met punten.;Restrictie;RS048;
JW Retour;RetourCodes;RetourCode\LDT_RetourCode;;;;WJ001;RS011: Maximale lengte 4 posities;Restrictie;RS011;
JW301;Client;Bsn\LDT_BurgerServicenummer;;;ja;;CS002: De waarde moet voldoen aan de 11-proef.;Constraint;CS002;0001
JW301;Client;Bsn\LDT_BurgerServicenummer;;;ja;;RS015: Maximale lengte 9 posities;Restrictie;RS015;
JW301;Client;Bsn\LDT_BurgerServicenummer;;;ja;;RS037: Vullen met 9 cijfers.;Restrictie;RS037;
JW301;Client;Geboortedatum\CDT_Geboortedatum;Datum\LDT_Datum;;;;RS032: Datum vullen zonder tijdzone.;Restrictie;RS032;
JW301;Client;Geboortedatum\CDT_Geboortedatum;DatumGebruik;;;;CS139: Voor Geboortedatum geldt dat DatumGebruik en Datum met elkaar in overeenstemming moeten zijn.;Constraint;CS139;0001
JW301;Client;Geboortedatum\CDT_Geboortedatum;DatumGebruik\LDT_DatumGebruik;;;COD170;RS008: Maximale lengte 1 positie;Restrictie;RS008;
JW301;Client;Geslacht\LDT_Geslacht;;;;COD046;RS008: Maximale lengte 1 positie;Restrictie;RS008;
JW301;Client;Naam;;;;;CS318: NaamGebruik 6 (Niet-natuurlijk persoon) niet vullen.;Constraint;CS318;0001
JW301;Client;Naam\CDT_VolledigeNaam;Geslachtsnaam\CDT_Achternaam;Achternaam\LDT_Naam;;;RS028: Maximale lengte 200 posities;Restrictie;RS028;
JW301;Client;Naam\CDT_VolledigeNaam;Geslachtsnaam\CDT_Achternaam;Achternaam\LDT_Naam;;;RS033: Geen lege elementen in XML.;Restrictie;RS033;
JW301;Client;Naam\CDT_VolledigeNaam;Geslachtsnaam\CDT_Achternaam;Voorvoegsel\LDT_Voorvoegsel;;;RS016: Maximale lengte 10 posities;Restrictie;RS016;
JW301;Client;Naam\CDT_VolledigeNaam;Geslachtsnaam\CDT_Achternaam;Voorvoegsel\LDT_Voorvoegsel;;;RS033: Geen lege elementen in XML.;Restrictie;RS033;
JW301;Client;Naam\CDT_VolledigeNaam;Partnernaam\CDT_Achternaam;Achternaam\LDT_Naam;;;RS028: Maximale lengte 200 posities;Restrictie;RS028;
JW301;Client;Naam\CDT_VolledigeNaam;Partnernaam\CDT_Achternaam;Achternaam\LDT_Naam;;;RS033: Geen lege elementen in XML.;Restrictie;RS033;
JW301;Client;Naam\CDT_VolledigeNaam;Partnernaam\CDT_Achternaam;Voorvoegsel\LDT_Voorvoegsel;;;RS016: Maximale lengte 10 posities;Restrictie;RS016;
JW301;Client;Naam\CDT_VolledigeNaam;Partnernaam\CDT_Achternaam;Voorvoegsel\LDT_Voorvoegsel;;;RS033: Geen lege elementen in XML.;Restrictie;RS033;
JW301;Client;Naam\CDT_VolledigeNaam;Voornamen\LDT_Naam;;;;RS028: Maximale lengte 200 posities;Restrictie;RS028;
JW301;Client;Naam\CDT_VolledigeNaam;Voornamen\LDT_Naam;;;;RS033: Geen lege elementen in XML.;Restrictie;RS033;
JW301;Client;Naam\CDT_VolledigeNaam;Voorletters\LDT_Voorletters;;;;RS013: Maximale lengte 6 posities;Restrictie;RS013;
JW301;Client;Naam\CDT_VolledigeNaam;Voorletters\LDT_Voorletters;;;;RS045: Aaneengesloten vullen (zonder punten of spaties).;Restrictie;RS045;
JW301;Client;Naam\CDT_VolledigeNaam;NaamGebruik;;;;CS050: Als Partnernaam gevuld is, dan NaamGebruik vullen met waarde 1, 2, 3 of 4. Anders waarde 1 of 6 vullen.;Constraint;CS050;0001
JW301;Client;Naam\CDT_VolledigeNaam;NaamGebruik\LDT_NaamGebruik;;;COD700;RS008: Maximale lengte 1 positie;Restrictie;RS008;
JW301;Client;Communicatie\CDT_Communicatie;Vorm\LDT_Communicatievorm;;;COD747;RS008: Maximale lengte 1 positie;Restrictie;RS008;
JW301;Client;Communicatie\CDT_Communicatie;Taal;;;;CD007: Als Communicatie / Vorm de waarde 1 (tolk taal) heeft, dan verplicht vullen, anders leeglaten.;Conditie;CD007;0001
JW301;Client;Communicatie\CDT_Communicatie;Taal\LDT_Taal;;;;RS021: Maximale lengte 25 posities;Restrictie;RS021;
JW301;Client;Communicatie\CDT_Communicatie;Taal\LDT_Taal;;;;RS033: Geen lege elementen in XML.;Restrictie;RS033;
JW301;Client;JuridischeStatus\LDT_JuridischeStatus;;;;WJ232;RS009: Maximale lengte 2 posities;Restrictie;RS009;
JW301;Client;WettelijkeVertegenwoordiging\LDT_WettelijkeVertegenwoordiging;;;;WJ003;RS009: Maximale lengte 2 posities;Restrictie;RS009;
JW301;Client;Commentaar\LDT_Commentaar;;;;;RS031: Commentaarvelden niet leeg.;Restrictie;RS031;
JW301;Contact;Soort\LDT_AdresSoort;;;ja;COD757;RS009: Maximale lengte 2 posities;Restrictie;RS009;
JW301;Contact;Adres\CDT_Adres;Huis;;;;CD025: Als Adres / LandCode de waarde NL (Nederland) heeft, dan verplicht vullen.;Conditie;CD025;0001
JW301;Contact;Adres\CDT_Adres;Huis\CDT_Huis;Huisnummer\LDT_Huisnummer;;;RS001: Minimale waarde 0;Restrictie;RS001;
JW301;Contact;Adres\CDT_Adres;Huis\CDT_Huis;Huisnummer\LDT_Huisnummer;;;RS004: Maximale waarde 99999 (5*9);Restrictie;RS004;
JW301;Contact;Adres\CDT_Adres;Huis\CDT_Huis;Huisletter\LDT_Huisletter;;;RS008: Maximale lengte 1 positie;Restrictie;RS008;
JW301;Contact;Adres\CDT_Adres;Huis\CDT_Huis;Huisletter\LDT_Huisletter;;;RS033: Geen lege elementen in XML.;Restrictie;RS033;
JW301;Contact;Adres\CDT_Adres;Huis\CDT_Huis;HuisnummerToevoeging\LDT_HuisnummerToevoeging;;;RS011: Maximale lengte 4 posities;Restrictie;RS011;
JW301;Contact;Adres\CDT_Adres;Huis\CDT_Huis;HuisnummerToevoeging\LDT_HuisnummerToevoeging;;;RS033: Geen lege elementen in XML.;Restrictie;RS033;
JW301;Contact;Adres\CDT_Adres;Huis\CDT_Huis;AanduidingWoonadres\LDT_AanduidingWoonadres;;NUM061;RS009: Maximale lengte 2 posities;Restrictie;RS009;
JW301;Contact;Adres\CDT_Adres;Postcode;;;;CD034: Als Soort adres de waarde 1 (BRP-adres) of 3 (verblijfadres) heeft, dan verplicht vullen.;Conditie;CD034;0001
JW301;Contact;Adres\CDT_Adres;Postcode;;;;CS089: Als LandCode de waarde NL (Nederland) heeft, dan moet het formaat overeenkomen met dat van een Nederlandse postcode.;Constraint;CS089;0001
JW301;Contact;Adres\CDT_Adres;Postcode\LDT_Postcode;;;;RS014: Maximale lengte 8 posities;Restrictie;RS014;
JW301;Contact;Adres\CDT_Adres;Postcode\LDT_Postcode;;;;RS033: Geen lege elementen in XML.;Restrictie;RS033;
JW301;Contact;Adres\CDT_Adres;Straatnaam\LDT_Straatnaam;;;;RS020: Maximale lengte 24 posities;Restrictie;RS020;
JW301;Contact;Adres\CDT_Adres;Straatnaam\LDT_Straatnaam;;;;RS033: Geen lege elementen in XML.;Restrictie;RS033;
JW301;Contact;Adres\CDT_Adres;Plaatsnaam\LDT_Plaatsnaam;;;;RS026: Maximale lengte 80 posities;Restrictie;RS026;
JW301;Contact;Adres\CDT_Adres;Plaatsnaam\LDT_Plaatsnaam;;;;RS033: Geen lege elementen in XML.;Restrictie;RS033;
JW301;Contact;Adres\CDT_Adres;LandCode;;;;CD005: Als Postcode gevuld is, dan verplicht vullen, anders leeg laten.;Conditie;CD005;0001
JW301;Contact;Adres\CDT_Adres;LandCode\LDT_LandCode;;;COD032;RS009: Maximale lengte 2 posities;Restrictie;RS009;
JW301;Contact;Organisatie\LDT_Organisatienaam;;;;;RS023: Maximale lengte 35 posities;Restrictie;RS023;
JW301;Contact;Organisatie\LDT_Organisatienaam;;;;;RS033: Geen lege elementen in XML.;Restrictie;RS033;
JW301;Contact;Telefoon\CDT_Telefoonnummers;Telefoon01\CDT_Telefoon;Telefoonnummer\LDT_Telefoonnummer;;;RS018: Maximale lengte 15 posities;Restrictie;RS018;
JW301;Contact;Telefoon\CDT_Telefoonnummers;Telefoon01\CDT_Telefoon;Telefoonnummer\LDT_Telefoonnummer;;;RS046: Aaneengesloten vullen met cijfers.;Restrictie;RS046;
JW301;Contact;Telefoon\CDT_Telefoonnummers;Telefoon01\CDT_Telefoon;Landnummer\LDT_Landnummer;;;RS011: Maximale lengte 4 posities;Restrictie;RS011;
JW301;Contact;Telefoon\CDT_Telefoonnummers;Telefoon01\CDT_Telefoon;Landnummer\LDT_Landnummer;;;RS033: Geen lege elementen in XML.;Restrictie;RS033;
JW301;Contact;Telefoon\CDT_Telefoonnummers;Telefoon02\CDT_Telefoon;Telefoonnummer\LDT_Telefoonnummer;;;RS018: Maximale lengte 15 posities;Restrictie;RS018;
JW301;Contact;Telefoon\CDT_Telefoonnummers;Telefoon02\CDT_Telefoon;Telefoonnummer\LDT_Telefoonnummer;;;RS046: Aaneengesloten vullen met cijfers.;Restrictie;RS046;
JW301;Contact;Telefoon\CDT_Telefoonnummers;Telefoon02\CDT_Telefoon;Landnummer\LDT_Landnummer;;;RS011: Maximale lengte 4 posities;Restrictie;RS011;
JW301;Contact;Telefoon\CDT_Telefoonnummers;Telefoon02\CDT_Telefoon;Landnummer\LDT_Landnummer;;;RS033: Geen lege elementen in XML.;Restrictie;RS033;
JW301;Contact;Emailadres\LDT_Emailadres;;;;;RS026: Maximale lengte 80 posities;Restrictie;RS026;
JW301;Contact;Emailadres\LDT_Emailadres;;;;;RS033: Geen lege elementen in XML.;Restrictie;RS033;
JW301;Contact;Periode;;;;;CD009: Alleen als Soort adres de waarde 04 (tijdelijk adres) heeft, is vullen toegestaan.;Conditie;CD009;0001
JW301;Contact;Periode\CDT_OpenPeriode;Begindatum\LDT_Datum;;;;RS032: Datum vullen zonder tijdzone.;Restrictie;RS032;
JW301;Contact;Periode\CDT_OpenPeriode;Einddatum;;;;CS003: Indien van toepassing vullen met een waarde die groter is dan, of gelijk is aan de Begindatum (of Ingangsdatum) van de aangeduide periode.;Constraint;CS003;0001
JW301;Contact;Periode\CDT_OpenPeriode;Einddatum\LDT_Datum;;;;RS032: Datum vullen zonder tijdzone.;Restrictie;RS032;
JW301;Header;Afzender\LDT_Gemeente;;;;;RS035: Vullen met 4 cijfers.;Restrictie;RS035;
JW301;Header;Ontvanger\LDT_AgbCode;;;;;RS014: Maximale lengte 8 posities;Restrictie;RS014;
JW301;Header;Ontvanger\LDT_AgbCode;;;;;RS036: Vullen met 8 cijfers.;Restrictie;RS036;
JW301;Header;BerichtIdentificatie\CDT_BerichtIdentificatie;Identificatie\LDT_IdentificatieBericht;;;;RS017: Maximale lengte 12 posities;Restrictie;RS017;
JW301;Header;BerichtIdentificatie\CDT_BerichtIdentificatie;Identificatie\LDT_IdentificatieBericht;;;;RS033: Geen lege elementen in XML.;Restrictie;RS033;
JW301;Header;BerichtIdentificatie\CDT_BerichtIdentificatie;Dagtekening\LDT_Datum;;;;RS032: Datum vullen zonder tijdzone.;Restrictie;RS032;
JW301;Header;BerichtCode\LDT_BerichtCode;;;;;RS010: Maximale lengte 3 posities;Restrictie;RS010;
JW301;Header;BerichtCode\LDT_BerichtCode;;;;;RS047: Vullen met BerichtCode volgens de specificatie;Restrictie;RS047;
JW301;Header;BerichtVersie;;;;;CS025: BerichtVersie vullen met 3.;Constraint;CS025;
JW301;Header;BerichtVersie\LDT_BerichtVersie;;;;;RS001: Minimale waarde 0;Restrictie;RS001;
JW301;Header;BerichtVersie\LDT_BerichtVersie;;;;;RS002: Maximale waarde 99;Restrictie;RS002;
JW301;Header;BerichtSubversie;;;;;CS015: BerichtSubversie vullen met 2.;Constraint;CS015;
JW301;Header;BerichtSubversie\LDT_BerichtSubversie;;;;;RS001: Minimale waarde 0;Restrictie;RS001;
JW301;Header;BerichtSubversie\LDT_BerichtSubversie;;;;;RS002: Maximale waarde 99;Restrictie;RS002;
JW301;Header;XsdVersie\CDT_XsdVersie;BerichtXsdVersie\LDT_Versie;;;;RS048: Vullen met een versienummer bestaande uit drie gehele getallen, gescheiden met punten.;Restrictie;RS048;
JW301;Header;XsdVersie\CDT_XsdVersie;BasisschemaXsdVersie\LDT_Versie;;;;RS048: Vullen met een versienummer bestaande uit drie gehele getallen, gescheiden met punten.;Restrictie;RS048;
JW301;Relatie;Nummer\LDT_Persoonsid;;;ja;;RS019: Maximale lengte 20 posities;Restrictie;RS019;
JW301;Relatie;Nummer\LDT_Persoonsid;;;ja;;RS033: Geen lege elementen in XML.;Restrictie;RS033;
JW301;Relatie;Volgorde\LDT_RelatieVolgorde;;;;;RS001: Minimale waarde 0;Restrictie;RS001;
JW301;Relatie;Volgorde\LDT_RelatieVolgorde;;;;;RS002: Maximale waarde 99;Restrictie;RS002;
JW301;Relatie;Soort\LDT_SoortRelatie;;;;COD472;RS009: Maximale lengte 2 posities;Restrictie;RS009;
JW301;Relatie;Geboortedatum\CDT_Geboortedatum;Datum\LDT_Datum;;;;RS032: Datum vullen zonder tijdzone.;Restrictie;RS032;
JW301;Relatie;Geboortedatum\CDT_Geboortedatum;DatumGebruik;;;;CS139: Voor Geboortedatum geldt dat DatumGebruik en Datum met elkaar in overeenstemming moeten zijn.;Constraint;CS139;0001
JW301;Relatie;Geboortedatum\CDT_Geboortedatum;DatumGebruik\LDT_DatumGebruik;;;COD170;RS008: Maximale lengte 1 positie;Restrictie;RS008;
JW301;Relatie;Geslacht\LDT_Geslacht;;;;COD046;RS008: Maximale lengte 1 positie;Restrictie;RS008;
JW301;Relatie;Naam\CDT_VolledigeNaam;Geslachtsnaam\CDT_Achternaam;Achternaam\LDT_Naam;;;RS028: Maximale lengte 200 posities;Restrictie;RS028;
JW301;Relatie;Naam\CDT_VolledigeNaam;Geslachtsnaam\CDT_Achternaam;Achternaam\LDT_Naam;;;RS033: Geen lege elementen in XML.;Restrictie;RS033;
JW301;Relatie;Naam\CDT_VolledigeNaam;Geslachtsnaam\CDT_Achternaam;Voorvoegsel\LDT_Voorvoegsel;;;RS016: Maximale lengte 10 posities;Restrictie;RS016;
JW301;Relatie;Naam\CDT_VolledigeNaam;Geslachtsnaam\CDT_Achternaam;Voorvoegsel\LDT_Voorvoegsel;;;RS033: Geen lege elementen in XML.;Restrictie;RS033;
JW301;Relatie;Naam\CDT_VolledigeNaam;Partnernaam\CDT_Achternaam;Achternaam\LDT_Naam;;;RS028: Maximale lengte 200 posities;Restrictie;RS028;
JW301;Relatie;Naam\CDT_VolledigeNaam;Partnernaam\CDT_Achternaam;Achternaam\LDT_Naam;;;RS033: Geen lege elementen in XML.;Restrictie;RS033;
JW301;Relatie;Naam\CDT_VolledigeNaam;Partnernaam\CDT_Achternaam;Voorvoegsel\LDT_Voorvoegsel;;;RS016: Maximale lengte 10 posities;Restrictie;RS016;
JW301;Relatie;Naam\CDT_VolledigeNaam;Partnernaam\CDT_Achternaam;Voorvoegsel\LDT_Voorvoegsel;;;RS033: Geen lege elementen in XML.;Restrictie;RS033;
JW301;Relatie;Naam\CDT_VolledigeNaam;Voornamen\LDT_Naam;;;;RS028: Maximale lengte 200 posities;Restrictie;RS028;
JW301;Relatie;Naam\CDT_VolledigeNaam;Voornamen\LDT_Naam;;;;RS033: Geen lege elementen in XML.;Restrictie;RS033;
JW301;Relatie;Naam\CDT_VolledigeNaam;Voorletters\LDT_Voorletters;;;;RS013: Maximale lengte 6 posities;Restrictie;RS013;
JW301;Relatie;Naam\CDT_VolledigeNaam;Voorletters\LDT_Voorletters;;;;RS045: Aaneengesloten vullen (zonder punten of spaties).;Restrictie;RS045;
JW301;Relatie;Naam\CDT_VolledigeNaam;NaamGebruik;;;;CS050: Als Partnernaam gevuld is, dan NaamGebruik vullen met waarde 1, 2, 3 of 4. Anders waarde 1 of 6 vullen.;Constraint;CS050;0001
JW301;Relatie;Naam\CDT_VolledigeNaam;NaamGebruik\LDT_NaamGebruik;;;COD700;RS008: Maximale lengte 1 positie;Restrictie;RS008;
JW301;ToegewezenProduct;ToewijzingNummer\LDT_Nummer;;;ja;;RS001: Minimale waarde 0;Restrictie;RS001;
JW301;ToegewezenProduct;ToewijzingNummer\LDT_Nummer;;;ja;;RS006: Maximale waarde 999999999 (9*9);Restrictie;RS006;
JW301;ToegewezenProduct;ReferentieAanbieder\LDT_Referentie;;;;;RS024: Maximale lengte 36 posities;Restrictie;RS024;
JW301;ToegewezenProduct;ReferentieAanbieder\LDT_Referentie;;;;;RS033: Geen lege elementen in XML.;Restrictie;RS033;
JW301;ToegewezenProduct;Product;;;;;CD079: Indien Budget leeg is, dan verplicht vullen;Conditie;CD079;0001
JW301;ToegewezenProduct;Product\CDT_Product;Categorie\LDT_ProductCategorie;;;JZ020;RS009: Maximale lengte 2 posities;Restrictie;RS009;
JW301;ToegewezenProduct;Product\CDT_Product;Code\LDT_ProductCode;;;;RS012: Maximale lengte 5 posities;Restrictie;RS012;
JW301;ToegewezenProduct;Product\CDT_Product;Code\LDT_ProductCode;;;;RS033: Geen lege elementen in XML.;Restrictie;RS033;
JW301;ToegewezenProduct;Toewijzingsdatum\LDT_Datum;;;;;RS032: Datum vullen zonder tijdzone.;Restrictie;RS032;
JW301;ToegewezenProduct;Toewijzingstijd\LDT_Tijd;;;;;RS034: Tijd vullen zonder tijdszone.;Restrictie;RS034;
JW301;ToegewezenProduct;Ingangsdatum\LDT_Datum;;;;;RS032: Datum vullen zonder tijdzone.;Restrictie;RS032;
JW301;ToegewezenProduct;Einddatum;;;;;CD075: Verplicht vullen indien Budget gevuld is;Conditie;CD075;0001
JW301;ToegewezenProduct;Einddatum;;;;;CD076: Verplicht vullen indien Frequentie waarde 2 (per week);Conditie;CD076;0001
JW301;ToegewezenProduct;Einddatum;;;;;CS003: Indien van toepassing vullen met een waarde die groter is dan, of gelijk is aan de Begindatum (of Ingangsdatum) van de aangeduide periode.;Constraint;CS003;0001
JW301;ToegewezenProduct;Einddatum\LDT_Datum;;;;;RS032: Datum vullen zonder tijdzone.;Restrictie;RS032;
JW301;ToegewezenProduct;RedenWijziging;;;;;CS335: RedenWijziging 13 (verwijderd) mag alleen gebruikt worden indien de ingangsdatum gelijk is aan de einddatum;Constraint;CS335;0001
JW301;ToegewezenProduct;RedenWijziging;;;;;CS336: 01 (Administratieve correctie (vervallen)) niet gebruiken;Constraint;CS336;0001
JW301;ToegewezenProduct;RedenWijziging\LDT_RedenWijziging;;;;JZ002;RS009: Maximale lengte 2 posities;Restrictie;RS009;
JW301;ToegewezenProduct;Omvang;;;;;CD041: Indien Code in Product gevuld is, verplicht vullen.;Conditie;CD041;0001
JW301;ToegewezenProduct;Omvang;;;;;CD077: Indien Budget gevuld is, dan leeg laten;Conditie;CD077;0001
JW301;ToegewezenProduct;Omvang;;;;;CD080: Indien Code in Product leeg is en Einddatum van het ToegewezenProduct groter dan 31-12-2020 of leeg is, dan leeg laten;Conditie;CD080;0001
JW301;ToegewezenProduct;Omvang;;;;;CS338: Indien eenheid de waarde 14, 16, 83 of 84 heeft en Einddatum groter dan 31-12-2020 of leeg is, dan Frequentie vullen met de waarde 2 , 4 of 6;Constraint;CS338;0001
JW301;ToegewezenProduct;Omvang\CDT_Omvang;Volume\LDT_Volume;;;;RS001: Minimale waarde 0;Restrictie;RS001;
JW301;ToegewezenProduct;Omvang\CDT_Omvang;Volume\LDT_Volume;;;;RS005: Maximale waarde 99999999 (8*9);Restrictie;RS005;
JW301;ToegewezenProduct;Omvang\CDT_Omvang;Eenheid\LDT_Eenheid;;;WJ756;RS009: Maximale lengte 2 posities;Restrictie;RS009;
JW301;ToegewezenProduct;Omvang\CDT_Omvang;Frequentie\LDT_Frequentie;;;WMO757;RS008: Maximale lengte 1 positie;Restrictie;RS008;
JW301;ToegewezenProduct;Commentaar\LDT_Commentaar;;;;;RS031: Commentaarvelden niet leeg.;Restrictie;RS031;
JW301;ToegewezenProduct;Budget;;;;;CD078: Indien Omvang gevuld is, dan leeg laten;Conditie;CD078;0001
JW301;ToegewezenProduct;Budget\LDT_Budget;;;;;RS001: Minimale waarde 0;Restrictie;RS001;
JW301;ToegewezenProduct;Budget\LDT_Budget;;;;;RS005: Maximale waarde 99999999 (8*9);Restrictie;RS005;
JW305;Client;Bsn\LDT_BurgerServicenummer;;;ja;;CS002: De waarde moet voldoen aan de 11-proef.;Constraint;CS002;0001
JW305;Client;Bsn\LDT_BurgerServicenummer;;;ja;;RS015: Maximale lengte 9 posities;Restrictie;RS015;
JW305;Client;Bsn\LDT_BurgerServicenummer;;;ja;;RS037: Vullen met 9 cijfers.;Restrictie;RS037;
JW305;Client;Geboortedatum\CDT_Geboortedatum;Datum\LDT_Datum;;;;RS032: Datum vullen zonder tijdzone.;Restrictie;RS032;
JW305;Client;Geboortedatum\CDT_Geboortedatum;DatumGebruik;;;;CS139: Voor Geboortedatum geldt dat DatumGebruik en Datum met elkaar in overeenstemming moeten zijn.;Constraint;CS139;0001
JW305;Client;Geboortedatum\CDT_Geboortedatum;DatumGebruik\LDT_DatumGebruik;;;COD170;RS008: Maximale lengte 1 positie;Restrictie;RS008;
JW305;Client;Geslacht\LDT_Geslacht;;;;COD046;RS008: Maximale lengte 1 positie;Restrictie;RS008;
JW305;Client;Naam\CDT_VerkorteNaam;Geslachtsnaam\CDT_Achternaam;Achternaam\LDT_Naam;;;RS028: Maximale lengte 200 posities;Restrictie;RS028;
JW305;Client;Naam\CDT_VerkorteNaam;Geslachtsnaam\CDT_Achternaam;Achternaam\LDT_Naam;;;RS033: Geen lege elementen in XML.;Restrictie;RS033;
JW305;Client;Naam\CDT_VerkorteNaam;Geslachtsnaam\CDT_Achternaam;Voorvoegsel\LDT_Voorvoegsel;;;RS016: Maximale lengte 10 posities;Restrictie;RS016;
JW305;Client;Naam\CDT_VerkorteNaam;Geslachtsnaam\CDT_Achternaam;Voorvoegsel\LDT_Voorvoegsel;;;RS033: Geen lege elementen in XML.;Restrictie;RS033;
JW305;Client;Naam\CDT_VerkorteNaam;Voornamen\LDT_Naam;;;;RS028: Maximale lengte 200 posities;Restrictie;RS028;
JW305;Client;Naam\CDT_VerkorteNaam;Voornamen\LDT_Naam;;;;RS033: Geen lege elementen in XML.;Restrictie;RS033;
JW305;Client;Naam\CDT_VerkorteNaam;Voorletters\LDT_Voorletters;;;;RS013: Maximale lengte 6 posities;Restrictie;RS013;
JW305;Client;Naam\CDT_VerkorteNaam;Voorletters\LDT_Voorletters;;;;RS045: Aaneengesloten vullen (zonder punten of spaties).;Restrictie;RS045;
JW305;Header;Afzender\LDT_AgbCode;;;;;RS014: Maximale lengte 8 posities;Restrictie;RS014;
JW305;Header;Afzender\LDT_AgbCode;;;;;RS036: Vullen met 8 cijfers.;Restrictie;RS036;
JW305;Header;Ontvanger\LDT_Gemeente;;;;;RS035: Vullen met 4 cijfers.;Restrictie;RS035;
JW305;Header;BerichtIdentificatie\CDT_BerichtIdentificatie;Identificatie\LDT_IdentificatieBericht;;;;RS017: Maximale lengte 12 posities;Restrictie;RS017;
JW305;Header;BerichtIdentificatie\CDT_BerichtIdentificatie;Identificatie\LDT_IdentificatieBericht;;;;RS033: Geen lege elementen in XML.;Restrictie;RS033;
JW305;Header;BerichtIdentificatie\CDT_BerichtIdentificatie;Dagtekening\LDT_Datum;;;;RS032: Datum vullen zonder tijdzone.;Restrictie;RS032;
JW305;Header;BerichtCode\LDT_BerichtCode;;;;;RS010: Maximale lengte 3 posities;Restrictie;RS010;
JW305;Header;BerichtCode\LDT_BerichtCode;;;;;RS047: Vullen met BerichtCode volgens de specificatie;Restrictie;RS047;
JW305;Header;BerichtVersie;;;;;CS025: BerichtVersie vullen met 3.;Constraint;CS025;
JW305;Header;BerichtVersie\LDT_BerichtVersie;;;;;RS001: Minimale waarde 0;Restrictie;RS001;
JW305;Header;BerichtVersie\LDT_BerichtVersie;;;;;RS002: Maximale waarde 99;Restrictie;RS002;
JW305;Header;BerichtSubversie;;;;;CS015: BerichtSubversie vullen met 2.;Constraint;CS015;
JW305;Header;BerichtSubversie\LDT_BerichtSubversie;;;;;RS001: Minimale waarde 0;Restrictie;RS001;
JW305;Header;BerichtSubversie\LDT_BerichtSubversie;;;;;RS002: Maximale waarde 99;Restrictie;RS002;
JW305;Header;XsdVersie\CDT_XsdVersie;BerichtXsdVersie\LDT_Versie;;;;RS048: Vullen met een versienummer bestaande uit drie gehele getallen, gescheiden met punten.;Restrictie;RS048;
JW305;Header;XsdVersie\CDT_XsdVersie;BasisschemaXsdVersie\LDT_Versie;;;;RS048: Vullen met een versienummer bestaande uit drie gehele getallen, gescheiden met punten.;Restrictie;RS048;
JW305;StartProduct;ToewijzingNummer\LDT_Nummer;;;ja;;RS001: Minimale waarde 0;Restrictie;RS001;
JW305;StartProduct;ToewijzingNummer\LDT_Nummer;;;ja;;RS006: Maximale waarde 999999999 (9*9);Restrictie;RS006;
JW305;StartProduct;Product\CDT_Product;Categorie\LDT_ProductCategorie;;ja;JZ020;RS009: Maximale lengte 2 posities;Restrictie;RS009;
JW305;StartProduct;Product\CDT_Product;Code\LDT_ProductCode;;ja;;RS012: Maximale lengte 5 posities;Restrictie;RS012;
JW305;StartProduct;Product\CDT_Product;Code\LDT_ProductCode;;ja;;RS033: Geen lege elementen in XML.;Restrictie;RS033;
JW305;StartProduct;ToewijzingIngangsdatum\LDT_Datum;;;;;RS032: Datum vullen zonder tijdzone.;Restrictie;RS032;
JW305;StartProduct;Begindatum\LDT_Datum;;;ja;;RS032: Datum vullen zonder tijdzone.;Restrictie;RS032;
JW305;StartProduct;StatusAanlevering;;;;;CS058: 1 (eerste aanlevering) of 3 (verwijderen aanlevering) vullen.;Constraint;CS058;0001
JW305;StartProduct;StatusAanlevering\LDT_StatusAanlevering;;;;COD467;RS008: Maximale lengte 1 positie;Restrictie;RS008;
JW307;Client;Bsn\LDT_BurgerServicenummer;;;ja;;CS002: De waarde moet voldoen aan de 11-proef.;Constraint;CS002;0001
JW307;Client;Bsn\LDT_BurgerServicenummer;;;ja;;RS015: Maximale lengte 9 posities;Restrictie;RS015;
JW307;Client;Bsn\LDT_BurgerServicenummer;;;ja;;RS037: Vullen met 9 cijfers.;Restrictie;RS037;
JW307;Client;Geboortedatum\CDT_Geboortedatum;Datum\LDT_Datum;;;;RS032: Datum vullen zonder tijdzone.;Restrictie;RS032;
JW307;Client;Geboortedatum\CDT_Geboortedatum;DatumGebruik;;;;CS139: Voor Geboortedatum geldt dat DatumGebruik en Datum met elkaar in overeenstemming moeten zijn.;Constraint;CS139;0001
JW307;Client;Geboortedatum\CDT_Geboortedatum;DatumGebruik\LDT_DatumGebruik;;;COD170;RS008: Maximale lengte 1 positie;Restrictie;RS008;
JW307;Client;Geslacht\LDT_Geslacht;;;;COD046;RS008: Maximale lengte 1 positie;Restrictie;RS008;
JW307;Client;Naam\CDT_VerkorteNaam;Geslachtsnaam\CDT_Achternaam;Achternaam\LDT_Naam;;;RS028: Maximale lengte 200 posities;Restrictie;RS028;
JW307;Client;Naam\CDT_VerkorteNaam;Geslachtsnaam\CDT_Achternaam;Achternaam\LDT_Naam;;;RS033: Geen lege elementen in XML.;Restrictie;RS033;
JW307;Client;Naam\CDT_VerkorteNaam;Geslachtsnaam\CDT_Achternaam;Voorvoegsel\LDT_Voorvoegsel;;;RS016: Maximale lengte 10 posities;Restrictie;RS016;
JW307;Client;Naam\CDT_VerkorteNaam;Geslachtsnaam\CDT_Achternaam;Voorvoegsel\LDT_Voorvoegsel;;;RS033: Geen lege elementen in XML.;Restrictie;RS033;
JW307;Client;Naam\CDT_VerkorteNaam;Voornamen\LDT_Naam;;;;RS028: Maximale lengte 200 posities;Restrictie;RS028;
JW307;Client;Naam\CDT_VerkorteNaam;Voornamen\LDT_Naam;;;;RS033: Geen lege elementen in XML.;Restrictie;RS033;
JW307;Client;Naam\CDT_VerkorteNaam;Voorletters\LDT_Voorletters;;;;RS013: Maximale lengte 6 posities;Restrictie;RS013;
JW307;Client;Naam\CDT_VerkorteNaam;Voorletters\LDT_Voorletters;;;;RS045: Aaneengesloten vullen (zonder punten of spaties).;Restrictie;RS045;
JW307;Header;Afzender\LDT_AgbCode;;;;;RS014: Maximale lengte 8 posities;Restrictie;RS014;
JW307;Header;Afzender\LDT_AgbCode;;;;;RS036: Vullen met 8 cijfers.;Restrictie;RS036;
JW307;Header;Ontvanger\LDT_Gemeente;;;;;RS035: Vullen met 4 cijfers.;Restrictie;RS035;
JW307;Header;BerichtIdentificatie\CDT_BerichtIdentificatie;Identificatie\LDT_IdentificatieBericht;;;;RS017: Maximale lengte 12 posities;Restrictie;RS017;
JW307;Header;BerichtIdentificatie\CDT_BerichtIdentificatie;Identificatie\LDT_IdentificatieBericht;;;;RS033: Geen lege elementen in XML.;Restrictie;RS033;
JW307;Header;BerichtIdentificatie\CDT_BerichtIdentificatie;Dagtekening\LDT_Datum;;;;RS032: Datum vullen zonder tijdzone.;Restrictie;RS032;
JW307;Header;BerichtCode\LDT_BerichtCode;;;;;RS010: Maximale lengte 3 posities;Restrictie;RS010;
JW307;Header;BerichtCode\LDT_BerichtCode;;;;;RS047: Vullen met BerichtCode volgens de specificatie;Restrictie;RS047;
JW307;Header;BerichtVersie;;;;;CS025: BerichtVersie vullen met 3.;Constraint;CS025;
JW307;Header;BerichtVersie\LDT_BerichtVersie;;;;;RS001: Minimale waarde 0;Restrictie;RS001;
JW307;Header;BerichtVersie\LDT_BerichtVersie;;;;;RS002: Maximale waarde 99;Restrictie;RS002;
JW307;Header;BerichtSubversie;;;;;CS015: BerichtSubversie vullen met 2.;Constraint;CS015;
JW307;Header;BerichtSubversie\LDT_BerichtSubversie;;;;;RS001: Minimale waarde 0;Restrictie;RS001;
JW307;Header;BerichtSubversie\LDT_BerichtSubversie;;;;;RS002: Maximale waarde 99;Restrictie;RS002;
JW307;Header;XsdVersie\CDT_XsdVersie;BerichtXsdVersie\LDT_Versie;;;;RS048: Vullen met een versienummer bestaande uit drie gehele getallen, gescheiden met punten.;Restrictie;RS048;
JW307;Header;XsdVersie\CDT_XsdVersie;BasisschemaXsdVersie\LDT_Versie;;;;RS048: Vullen met een versienummer bestaande uit drie gehele getallen, gescheiden met punten.;Restrictie;RS048;
JW307;StopProduct;ToewijzingNummer\LDT_Nummer;;;ja;;RS001: Minimale waarde 0;Restrictie;RS001;
JW307;StopProduct;ToewijzingNummer\LDT_Nummer;;;ja;;RS006: Maximale waarde 999999999 (9*9);Restrictie;RS006;
JW307;StopProduct;Product\CDT_Product;Categorie\LDT_ProductCategorie;;ja;JZ020;RS009: Maximale lengte 2 posities;Restrictie;RS009;
JW307;StopProduct;Product\CDT_Product;Code\LDT_ProductCode;;ja;;RS012: Maximale lengte 5 posities;Restrictie;RS012;
JW307;StopProduct;Product\CDT_Product;Code\LDT_ProductCode;;ja;;RS033: Geen lege elementen in XML.;Restrictie;RS033;
JW307;StopProduct;ToewijzingIngangsdatum\LDT_Datum;;;;;RS032: Datum vullen zonder tijdzone.;Restrictie;RS032;
JW307;StopProduct;Begindatum\LDT_Datum;;;ja;;RS032: Datum vullen zonder tijdzone.;Restrictie;RS032;
JW307;StopProduct;StatusAanlevering;;;;;CS058: 1 (eerste aanlevering) of 3 (verwijderen aanlevering) vullen.;Constraint;CS058;0001
JW307;StopProduct;StatusAanlevering\LDT_StatusAanlevering;;;;COD467;RS008: Maximale lengte 1 positie;Restrictie;RS008;
JW307;StopProduct;RedenBeeindiging\LDT_RedenBeeindiging;;;ja;JZ588;RS009: Maximale lengte 2 posities;Restrictie;RS009;
JW307;StopProduct;Einddatum\LDT_Datum;;;ja;;RS032: Datum vullen zonder tijdzone.;Restrictie;RS032;
JW315;AangevraagdProduct;BeschikkingNummer\LDT_Nummer;;;;;RS001: Minimale waarde 0;Restrictie;RS001;
JW315;AangevraagdProduct;BeschikkingNummer\LDT_Nummer;;;;;RS006: Maximale waarde 999999999 (9*9);Restrictie;RS006;
JW315;AangevraagdProduct;Product;;;;;CD079: Indien Budget leeg is, dan verplicht vullen;Conditie;CD079;0001
JW315;AangevraagdProduct;Product\CDT_Product;Categorie\LDT_ProductCategorie;;;JZ020;RS009: Maximale lengte 2 posities;Restrictie;RS009;
JW315;AangevraagdProduct;Product\CDT_Product;Code\LDT_ProductCode;;;;RS012: Maximale lengte 5 posities;Restrictie;RS012;
JW315;AangevraagdProduct;Product\CDT_Product;Code\LDT_ProductCode;;;;RS033: Geen lege elementen in XML.;Restrictie;RS033;
JW315;AangevraagdProduct;ToewijzingIngangsdatum\LDT_Datum;;;;;RS032: Datum vullen zonder tijdzone.;Restrictie;RS032;
JW315;AangevraagdProduct;ToewijzingEinddatum;;;;;CD075: Verplicht vullen indien Budget gevuld is;Conditie;CD075;0001
JW315;AangevraagdProduct;ToewijzingEinddatum;;;;;CD076: Verplicht vullen indien Frequentie waarde 2 (per week);Conditie;CD076;0001
JW315;AangevraagdProduct;ToewijzingEinddatum;;;;;CS003: Indien van toepassing vullen met een waarde die groter is dan, of gelijk is aan de Begindatum (of Ingangsdatum) van de aangeduide periode.;Constraint;CS003;0001
JW315;AangevraagdProduct;ToewijzingEinddatum\LDT_Datum;;;;;RS032: Datum vullen zonder tijdzone.;Restrictie;RS032;
JW315;AangevraagdProduct;Omvang;;;;;CD041: Indien Code in Product gevuld is, verplicht vullen.;Conditie;CD041;0001
JW315;AangevraagdProduct;Omvang;;;;;CD077: Indien Budget gevuld is, dan leeg laten;Conditie;CD077;0001
JW315;AangevraagdProduct;Omvang;;;;;CD095: Indien Code in AangevraagdProduct leeg is en ToewijzingEinddatum van het AangevraagdProduct groter dan 31-12-2020 of leeg is, dan leeg laten;Conditie;CD095;0001
JW315;AangevraagdProduct;Omvang;;;;;CS343: Indien eenheid de waarde 14, 16, 83 of 84 heeft en ToewijzingEinddatum is groter dan 31-12-2020 of leeg, dan Frequentie vullen met waarde 2, 4 of 6;Constraint;CS343;0001
JW315;AangevraagdProduct;Omvang\CDT_Omvang;Volume\LDT_Volume;;;;RS001: Minimale waarde 0;Restrictie;RS001;
JW315;AangevraagdProduct;Omvang\CDT_Omvang;Volume\LDT_Volume;;;;RS005: Maximale waarde 99999999 (8*9);Restrictie;RS005;
JW315;AangevraagdProduct;Omvang\CDT_Omvang;Eenheid\LDT_Eenheid;;;WJ756;RS009: Maximale lengte 2 posities;Restrictie;RS009;
JW315;AangevraagdProduct;Omvang\CDT_Omvang;Frequentie\LDT_Frequentie;;;WMO757;RS008: Maximale lengte 1 positie;Restrictie;RS008;
JW315;AangevraagdProduct;ReferentieAanbieder\LDT_Referentie;;;ja;;RS024: Maximale lengte 36 posities;Restrictie;RS024;
JW315;AangevraagdProduct;ReferentieAanbieder\LDT_Referentie;;;ja;;RS033: Geen lege elementen in XML.;Restrictie;RS033;
JW315;AangevraagdProduct;BeschikkingIngangsdatum;;;;;CD043: Indien Beschikkingnummer gevuld is, verplicht vullen, anders leeg laten.;Conditie;CD043;0001
JW315;AangevraagdProduct;BeschikkingIngangsdatum\LDT_Datum;;;;;RS032: Datum vullen zonder tijdzone.;Restrictie;RS032;
JW315;AangevraagdProduct;Verwijzer\CDT_Verwijzer;Type\LDT_TypeVerwijzer;;;COD327;RS009: Maximale lengte 2 posities;Restrictie;RS009;
JW315;AangevraagdProduct;Verwijzer\CDT_Verwijzer;Naam;;;;CD066: Als type verwijzer gelijk is aan 02, 03, 04 of 05 en ZorgverlenerCode is gevuld, dan is Naamverwijzer leeg.;Conditie;CD066;0001
JW315;AangevraagdProduct;Verwijzer\CDT_Verwijzer;Naam;;;;CD067: Als type verwijzer gelijk is aan 02, 03, 04 of 05 en ZorgverlenerCode is leeg, dan is Naamverwijzer gevuld.;Conditie;CD067;0001
JW315;AangevraagdProduct;Verwijzer\CDT_Verwijzer;Naam\LDT_NaamVerwijzer;;;;RS025: Maximale lengte 64 posities;Restrictie;RS025;
JW315;AangevraagdProduct;Verwijzer\CDT_Verwijzer;Naam\LDT_NaamVerwijzer;;;;RS033: Geen lege elementen in XML.;Restrictie;RS033;
JW315;AangevraagdProduct;Verwijzer\CDT_Verwijzer;ZorgverlenerCode;;;;CD068: Als type verwijzer ongelijk is aan 02, 03, 04 of 05, dan is ZorgverlenerCode leeg.;Conditie;CD068;0001
JW315;AangevraagdProduct;Verwijzer\CDT_Verwijzer;ZorgverlenerCode\LDT_AgbCode;;;;RS014: Maximale lengte 8 posities;Restrictie;RS014;
JW315;AangevraagdProduct;Verwijzer\CDT_Verwijzer;ZorgverlenerCode\LDT_AgbCode;;;;RS036: Vullen met 8 cijfers.;Restrictie;RS036;
JW315;AangevraagdProduct;Raamcontract\LDT_JaNee;;;;COD260;RS008: Maximale lengte 1 positie;Restrictie;RS008;
JW315;AangevraagdProduct;Commentaar\LDT_Commentaar;;;;;RS031: Commentaarvelden niet leeg.;Restrictie;RS031;
JW315;AangevraagdProduct;Budget;;;;;CD078: Indien Omvang gevuld is, dan leeg laten;Conditie;CD078;0001
JW315;AangevraagdProduct;Budget\LDT_Budget;;;;;RS001: Minimale waarde 0;Restrictie;RS001;
JW315;AangevraagdProduct;Budget\LDT_Budget;;;;;RS005: Maximale waarde 99999999 (8*9);Restrictie;RS005;
JW315;Client;Bsn\LDT_BurgerServicenummer;;;ja;;CS002: De waarde moet voldoen aan de 11-proef.;Constraint;CS002;0001
JW315;Client;Bsn\LDT_BurgerServicenummer;;;ja;;RS015: Maximale lengte 9 posities;Restrictie;RS015;
JW315;Client;Bsn\LDT_BurgerServicenummer;;;ja;;RS037: Vullen met 9 cijfers.;Restrictie;RS037;
JW315;Client;Geboortedatum\CDT_Geboortedatum;Datum\LDT_Datum;;;;RS032: Datum vullen zonder tijdzone.;Restrictie;RS032;
JW315;Client;Geboortedatum\CDT_Geboortedatum;DatumGebruik;;;;CS139: Voor Geboortedatum geldt dat DatumGebruik en Datum met elkaar in overeenstemming moeten zijn.;Constraint;CS139;0001
JW315;Client;Geboortedatum\CDT_Geboortedatum;DatumGebruik\LDT_DatumGebruik;;;COD170;RS008: Maximale lengte 1 positie;Restrictie;RS008;
JW315;Client;Geslacht\LDT_Geslacht;;;;COD046;RS008: Maximale lengte 1 positie;Restrictie;RS008;
JW315;Client;Naam\CDT_VerkorteNaam;Geslachtsnaam\CDT_Achternaam;Achternaam\LDT_Naam;;;RS028: Maximale lengte 200 posities;Restrictie;RS028;
JW315;Client;Naam\CDT_VerkorteNaam;Geslachtsnaam\CDT_Achternaam;Achternaam\LDT_Naam;;;RS033: Geen lege elementen in XML.;Restrictie;RS033;
JW315;Client;Naam\CDT_VerkorteNaam;Geslachtsnaam\CDT_Achternaam;Voorvoegsel\LDT_Voorvoegsel;;;RS016: Maximale lengte 10 posities;Restrictie;RS016;
JW315;Client;Naam\CDT_VerkorteNaam;Geslachtsnaam\CDT_Achternaam;Voorvoegsel\LDT_Voorvoegsel;;;RS033: Geen lege elementen in XML.;Restrictie;RS033;
JW315;Client;Naam\CDT_VerkorteNaam;Voornamen\LDT_Naam;;;;RS028: Maximale lengte 200 posities;Restrictie;RS028;
JW315;Client;Naam\CDT_VerkorteNaam;Voornamen\LDT_Naam;;;;RS033: Geen lege elementen in XML.;Restrictie;RS033;
JW315;Client;Naam\CDT_VerkorteNaam;Voorletters\LDT_Voorletters;;;;RS013: Maximale lengte 6 posities;Restrictie;RS013;
JW315;Client;Naam\CDT_VerkorteNaam;Voorletters\LDT_Voorletters;;;;RS045: Aaneengesloten vullen (zonder punten of spaties).;Restrictie;RS045;
JW315;Client;GezagsdragerBekend\LDT_JaNee;;;;COD260;RS008: Maximale lengte 1 positie;Restrictie;RS008;
JW315;Client;Commentaar\LDT_Commentaar;;;;;RS031: Commentaarvelden niet leeg.;Restrictie;RS031;
JW315;Header;Afzender\LDT_AgbCode;;;;;RS014: Maximale lengte 8 posities;Restrictie;RS014;
JW315;Header;Afzender\LDT_AgbCode;;;;;RS036: Vullen met 8 cijfers.;Restrictie;RS036;
JW315;Header;Ontvanger\LDT_Gemeente;;;;;RS035: Vullen met 4 cijfers.;Restrictie;RS035;
JW315;Header;BerichtIdentificatie\CDT_BerichtIdentificatie;Identificatie\LDT_IdentificatieBericht;;;;RS017: Maximale lengte 12 posities;Restrictie;RS017;
JW315;Header;BerichtIdentificatie\CDT_BerichtIdentificatie;Identificatie\LDT_IdentificatieBericht;;;;RS033: Geen lege elementen in XML.;Restrictie;RS033;
JW315;Header;BerichtIdentificatie\CDT_BerichtIdentificatie;Dagtekening\LDT_Datum;;;;RS032: Datum vullen zonder tijdzone.;Restrictie;RS032;
JW315;Header;BerichtCode\LDT_BerichtCode;;;;;RS010: Maximale lengte 3 posities;Restrictie;RS010;
JW315;Header;BerichtCode\LDT_BerichtCode;;;;;RS047: Vullen met BerichtCode volgens de specificatie;Restrictie;RS047;
JW315;Header;BerichtVersie;;;;;CS025: BerichtVersie vullen met 3.;Constraint;CS025;
JW315;Header;BerichtVersie\LDT_BerichtVersie;;;;;RS001: Minimale waarde 0;Restrictie;RS001;
JW315;Header;BerichtVersie\LDT_BerichtVersie;;;;;RS002: Maximale waarde 99;Restrictie;RS002;
JW315;Header;BerichtSubversie;;;;;CS015: BerichtSubversie vullen met 2.;Constraint;CS015;
JW315;Header;BerichtSubversie\LDT_BerichtSubversie;;;;;RS001: Minimale waarde 0;Restrictie;RS001;
JW315;Header;BerichtSubversie\LDT_BerichtSubversie;;;;;RS002: Maximale waarde 99;Restrictie;RS002;
JW315;Header;XsdVersie\CDT_XsdVersie;BerichtXsdVersie\LDT_Versie;;;;RS048: Vullen met een versienummer bestaande uit drie gehele getallen, gescheiden met punten.;Restrictie;RS048;
JW315;Header;XsdVersie\CDT_XsdVersie;BasisschemaXsdVersie\LDT_Versie;;;;RS048: Vullen met een versienummer bestaande uit drie gehele getallen, gescheiden met punten.;Restrictie;RS048;
JW317;Client;Bsn\LDT_BurgerServicenummer;;;ja;;CS002: De waarde moet voldoen aan de 11-proef.;Constraint;CS002;0001
JW317;Client;Bsn\LDT_BurgerServicenummer;;;ja;;RS015: Maximale lengte 9 posities;Restrictie;RS015;
JW317;Client;Bsn\LDT_BurgerServicenummer;;;ja;;RS037: Vullen met 9 cijfers.;Restrictie;RS037;
JW317;Header;Afzender\LDT_AgbCode;;;;;RS014: Maximale lengte 8 posities;Restrictie;RS014;
JW317;Header;Afzender\LDT_AgbCode;;;;;RS036: Vullen met 8 cijfers.;Restrictie;RS036;
JW317;Header;Ontvanger\LDT_Gemeente;;;;;RS035: Vullen met 4 cijfers.;Restrictie;RS035;
JW317;Header;BerichtIdentificatie\CDT_BerichtIdentificatie;Identificatie\LDT_IdentificatieBericht;;;;RS017: Maximale lengte 12 posities;Restrictie;RS017;
JW317;Header;BerichtIdentificatie\CDT_BerichtIdentificatie;Identificatie\LDT_IdentificatieBericht;;;;RS033: Geen lege elementen in XML.;Restrictie;RS033;
JW317;Header;BerichtIdentificatie\CDT_BerichtIdentificatie;Dagtekening\LDT_Datum;;;;RS032: Datum vullen zonder tijdzone.;Restrictie;RS032;
JW317;Header;BerichtCode\LDT_BerichtCode;;;;;RS010: Maximale lengte 3 posities;Restrictie;RS010;
JW317;Header;BerichtCode\LDT_BerichtCode;;;;;RS047: Vullen met BerichtCode volgens de specificatie;Restrictie;RS047;
JW317;Header;BerichtVersie;;;;;CS025: BerichtVersie vullen met 3.;Constraint;CS025;
JW317;Header;BerichtVersie\LDT_BerichtVersie;;;;;RS001: Minimale waarde 0;Restrictie;RS001;
JW317;Header;BerichtVersie\LDT_BerichtVersie;;;;;RS002: Maximale waarde 99;Restrictie;RS002;
JW317;Header;BerichtSubversie;;;;;CS015: BerichtSubversie vullen met 2.;Constraint;CS015;
JW317;Header;BerichtSubversie\LDT_BerichtSubversie;;;;;RS001: Minimale waarde 0;Restrictie;RS001;
JW317;Header;BerichtSubversie\LDT_BerichtSubversie;;;;;RS002: Maximale waarde 99;Restrictie;RS002;
JW317;Header;XsdVersie\CDT_XsdVersie;BerichtXsdVersie\LDT_Versie;;;;RS048: Vullen met een versienummer bestaande uit drie gehele getallen, gescheiden met punten.;Restrictie;RS048;
JW317;Header;XsdVersie\CDT_XsdVersie;BasisschemaXsdVersie\LDT_Versie;;;;RS048: Vullen met een versienummer bestaande uit drie gehele getallen, gescheiden met punten.;Restrictie;RS048;
JW317;NieuwProduct;Product;;;ja;;CD079: Indien Budget leeg is, dan verplicht vullen;Conditie;CD079;0001
JW317;NieuwProduct;Product\CDT_Product;Categorie\LDT_ProductCategorie;;ja;JZ020;RS009: Maximale lengte 2 posities;Restrictie;RS009;
JW317;NieuwProduct;Product\CDT_Product;Code\LDT_ProductCode;;ja;;RS012: Maximale lengte 5 posities;Restrictie;RS012;
JW317;NieuwProduct;Product\CDT_Product;Code\LDT_ProductCode;;ja;;RS033: Geen lege elementen in XML.;Restrictie;RS033;
JW317;NieuwProduct;GewensteIngangsdatum\LDT_Datum;;;ja;;RS032: Datum vullen zonder tijdzone.;Restrictie;RS032;
JW317;NieuwProduct;Einddatum;;;;;CD075: Verplicht vullen indien Budget gevuld is;Conditie;CD075;0001
JW317;NieuwProduct;Einddatum;;;;;CD076: Verplicht vullen indien Frequentie waarde 2 (per week);Conditie;CD076;0001
JW317;NieuwProduct;Einddatum;;;;;CS003: Indien van toepassing vullen met een waarde die groter is dan, of gelijk is aan de Begindatum (of Ingangsdatum) van de aangeduide periode.;Constraint;CS003;0001
JW317;NieuwProduct;Einddatum\LDT_Datum;;;;;RS032: Datum vullen zonder tijdzone.;Restrictie;RS032;
JW317;NieuwProduct;Omvang;;;;;CD041: Indien Code in Product gevuld is, verplicht vullen.;Conditie;CD041;0001
JW317;NieuwProduct;Omvang;;;;;CD077: Indien Budget gevuld is, dan leeg laten;Conditie;CD077;0001
JW317;NieuwProduct;Omvang;;;;;CD096: Indien Code in NieuwProduct leeg is en Einddatum groter dan 31-12-2020 of leeg is, dan leeg laten;Conditie;CD096;0001
JW317;NieuwProduct;Omvang;;;;;CS338: Indien eenheid de waarde 14, 16, 83 of 84 heeft en Einddatum groter dan 31-12-2020 of leeg is, dan Frequentie vullen met de waarde 2 , 4 of 6;Constraint;CS338;0001
JW317;NieuwProduct;Omvang\CDT_Omvang;Volume\LDT_Volume;;;;RS001: Minimale waarde 0;Restrictie;RS001;
JW317;NieuwProduct;Omvang\CDT_Omvang;Volume\LDT_Volume;;;;RS005: Maximale waarde 99999999 (8*9);Restrictie;RS005;
JW317;NieuwProduct;Omvang\CDT_Omvang;Eenheid\LDT_Eenheid;;;WJ756;RS009: Maximale lengte 2 posities;Restrictie;RS009;
JW317;NieuwProduct;Omvang\CDT_Omvang;Frequentie\LDT_Frequentie;;;WMO757;RS008: Maximale lengte 1 positie;Restrictie;RS008;
JW317;NieuwProduct;Budget;;;;;CD078: Indien Omvang gevuld is, dan leeg laten;Conditie;CD078;0001
JW317;NieuwProduct;Budget\LDT_Budget;;;;;RS001: Minimale waarde 0;Restrictie;RS001;
JW317;NieuwProduct;Budget\LDT_Budget;;;;;RS005: Maximale waarde 99999999 (8*9);Restrictie;RS005;
JW317;OngewijzigdProduct;ToewijzingNummer\LDT_Nummer;;;ja;;RS001: Minimale waarde 0;Restrictie;RS001;
JW317;OngewijzigdProduct;ToewijzingNummer\LDT_Nummer;;;ja;;RS006: Maximale waarde 999999999 (9*9);Restrictie;RS006;
JW317;TeWijzigenProduct;GewensteIngangsdatum\LDT_Datum;;;;;RS032: Datum vullen zonder tijdzone.;Restrictie;RS032;
JW317;TeWijzigenProduct;Einddatum;;;;;CD075: Verplicht vullen indien Budget gevuld is;Conditie;CD075;0001
JW317;TeWijzigenProduct;Einddatum;;;;;CD076: Verplicht vullen indien Frequentie waarde 2 (per week);Conditie;CD076;0001
JW317;TeWijzigenProduct;Einddatum;;;;;CS003: Indien van toepassing vullen met een waarde die groter is dan, of gelijk is aan de Begindatum (of Ingangsdatum) van de aangeduide periode.;Constraint;CS003;0001
JW317;TeWijzigenProduct;Einddatum\LDT_Datum;;;;;RS032: Datum vullen zonder tijdzone.;Restrictie;RS032;
JW317;TeWijzigenProduct;Omvang;;;;;CD077: Indien Budget gevuld is, dan leeg laten;Conditie;CD077;0001
JW317;TeWijzigenProduct;Omvang;;;;;CS338: Indien eenheid de waarde 14, 16, 83 of 84 heeft en Einddatum groter dan 31-12-2020 of leeg is, dan Frequentie vullen met de waarde 2 , 4 of 6;Constraint;CS338;0001
JW317;TeWijzigenProduct;Omvang\CDT_Omvang;Volume\LDT_Volume;;;;RS001: Minimale waarde 0;Restrictie;RS001;
JW317;TeWijzigenProduct;Omvang\CDT_Omvang;Volume\LDT_Volume;;;;RS005: Maximale waarde 99999999 (8*9);Restrictie;RS005;
JW317;TeWijzigenProduct;Omvang\CDT_Omvang;Eenheid\LDT_Eenheid;;;WJ756;RS009: Maximale lengte 2 posities;Restrictie;RS009;
JW317;TeWijzigenProduct;Omvang\CDT_Omvang;Frequentie\LDT_Frequentie;;;WMO757;RS008: Maximale lengte 1 positie;Restrictie;RS008;
JW317;TeWijzigenProduct;ToewijzingNummer\LDT_Nummer;;;ja;;RS001: Minimale waarde 0;Restrictie;RS001;
JW317;TeWijzigenProduct;ToewijzingNummer\LDT_Nummer;;;ja;;RS006: Maximale waarde 999999999 (9*9);Restrictie;RS006;
JW317;TeWijzigenProduct;Budget;;;;;CD078: Indien Omvang gevuld is, dan leeg laten;Conditie;CD078;0001
JW317;TeWijzigenProduct;Budget\LDT_Budget;;;;;RS001: Minimale waarde 0;Restrictie;RS001;
JW317;TeWijzigenProduct;Budget\LDT_Budget;;;;;RS005: Maximale waarde 99999999 (8*9);Restrictie;RS005;
JW317;Verzoek;ReferentieAanbieder\LDT_Referentie;;;ja;;RS024: Maximale lengte 36 posities;Restrictie;RS024;
JW317;Verzoek;ReferentieAanbieder\LDT_Referentie;;;ja;;RS033: Geen lege elementen in XML.;Restrictie;RS033;
JW317;Verzoek;RedenVerzoek\LDT_RedenVerzoek;;;;WJ758;RS008: Maximale lengte 1 positie;Restrictie;RS008;
JW319;Antwoord;ReferentieAanbieder\LDT_Referentie;;;ja;;RS024: Maximale lengte 36 posities;Restrictie;RS024;
JW319;Antwoord;ReferentieAanbieder\LDT_Referentie;;;ja;;RS033: Geen lege elementen in XML.;Restrictie;RS033;
JW319;Antwoord;VerzoekAntwoord\LDT_VerzoekAntwoord;;;ja;WJ760;RS008: Maximale lengte 1 positie;Restrictie;RS008;
JW319;Antwoord;RedenAfwijzingVerzoek;;;;;CD085: Als VerzoekAntwoord de waarde 1 (Verzoek afgewezen) heeft, dan vullen;Conditie;CD085;0001
JW319;Antwoord;RedenAfwijzingVerzoek;;;;;CD086: Als VerzoekAntwoord de waarde 2 (Aanvraag in onderzoek) heeft, dan leeg laten;Conditie;CD086;0001
JW319;Antwoord;RedenAfwijzingVerzoek\LDT_RedenAfwijzingVerzoek;;;;WJ759;RS009: Maximale lengte 2 posities;Restrictie;RS009;
JW319;Header;Afzender\LDT_Gemeente;;;;;RS035: Vullen met 4 cijfers.;Restrictie;RS035;
JW319;Header;Ontvanger\LDT_AgbCode;;;;;RS014: Maximale lengte 8 posities;Restrictie;RS014;
JW319;Header;Ontvanger\LDT_AgbCode;;;;;RS036: Vullen met 8 cijfers.;Restrictie;RS036;
JW319;Header;BerichtIdentificatie\CDT_BerichtIdentificatie;Identificatie\LDT_IdentificatieBericht;;;;RS017: Maximale lengte 12 posities;Restrictie;RS017;
JW319;Header;BerichtIdentificatie\CDT_BerichtIdentificatie;Identificatie\LDT_IdentificatieBericht;;;;RS033: Geen lege elementen in XML.;Restrictie;RS033;
JW319;Header;BerichtIdentificatie\CDT_BerichtIdentificatie;Dagtekening\LDT_Datum;;;;RS032: Datum vullen zonder tijdzone.;Restrictie;RS032;
JW319;Header;BerichtCode\LDT_BerichtCode;;;;;RS010: Maximale lengte 3 posities;Restrictie;RS010;
JW319;Header;BerichtCode\LDT_BerichtCode;;;;;RS047: Vullen met BerichtCode volgens de specificatie;Restrictie;RS047;
JW319;Header;BerichtVersie;;;;;CS025: BerichtVersie vullen met 3.;Constraint;CS025;
JW319;Header;BerichtVersie\LDT_BerichtVersie;;;;;RS001: Minimale waarde 0;Restrictie;RS001;
JW319;Header;BerichtVersie\LDT_BerichtVersie;;;;;RS002: Maximale waarde 99;Restrictie;RS002;
JW319;Header;BerichtSubversie;;;;;CS015: BerichtSubversie vullen met 2.;Constraint;CS015;
JW319;Header;BerichtSubversie\LDT_BerichtSubversie;;;;;RS001: Minimale waarde 0;Restrictie;RS001;
JW319;Header;BerichtSubversie\LDT_BerichtSubversie;;;;;RS002: Maximale waarde 99;Restrictie;RS002;
JW319;Header;XsdVersie\CDT_XsdVersie;BerichtXsdVersie\LDT_Versie;;;;RS048: Vullen met een versienummer bestaande uit drie gehele getallen, gescheiden met punten.;Restrictie;RS048;
JW319;Header;XsdVersie\CDT_XsdVersie;BasisschemaXsdVersie\LDT_Versie;;;;RS048: Vullen met een versienummer bestaande uit drie gehele getallen, gescheiden met punten.;Restrictie;RS048;
JW319;Woonplaatsbeginsel;Gemeente\LDT_Gemeente;;;ja;;RS035: Vullen met 4 cijfers.;Restrictie;RS035;
JW323;Client;Bsn\LDT_BurgerServicenummer;;;ja;;CS002: De waarde moet voldoen aan de 11-proef.;Constraint;CS002;0001
JW323;Client;Bsn\LDT_BurgerServicenummer;;;ja;;RS015: Maximale lengte 9 posities;Restrictie;RS015;
JW323;Client;Bsn\LDT_BurgerServicenummer;;;ja;;RS037: Vullen met 9 cijfers.;Restrictie;RS037;
JW323;Declaratie;DeclaratieNummer;;;ja;;CS319: Aaneengesloten vullen met cijfers en/of letters;Constraint;CS319;
JW323;Declaratie;DeclaratieNummer\LDT_IdentificatieDeclaratie;;;ja;;RS017: Maximale lengte 12 posities;Restrictie;RS017;
JW323;Declaratie;DeclaratiePeriode;;;;;CS100: Vullen met een datum die groter dan of gelijk is aan 01-01-2021;Constraint;CS100;0001
JW323;Declaratie;DeclaratiePeriode;;;;;CS340: De periode is exact gelijk aan 1 hele kalendermaand;Constraint;CS340;0001
JW323;Declaratie;DeclaratiePeriode\CDT_GeslotenPeriode;Begindatum\LDT_Datum;;;;RS032: Datum vullen zonder tijdzone.;Restrictie;RS032;
JW323;Declaratie;DeclaratiePeriode\CDT_GeslotenPeriode;Einddatum\LDT_Datum;;;;RS032: Datum vullen zonder tijdzone.;Restrictie;RS032;
JW323;Declaratie;DeclaratieDagtekening\LDT_Datum;;;;;RS032: Datum vullen zonder tijdzone.;Restrictie;RS032;
JW323;Declaratie;TotaalIngediendBedrag\CDT_TotaalBedragMetDC;TotaalBedrag\LDT_TotaalBedrag;;;;RS001: Minimale waarde 0;Restrictie;RS001;
JW323;Declaratie;TotaalIngediendBedrag\CDT_TotaalBedragMetDC;TotaalBedrag\LDT_TotaalBedrag;;;;RS040: Maximale waarde 999999999999 (12*9);Restrictie;RS040;
JW323;Declaratie;TotaalIngediendBedrag\CDT_TotaalBedragMetDC;DebetCredit;;;;CS325: Indien (Totaal)Bedrag de waarde 0 heeft, dan DebetCredit vullen met D (Debet).;Constraint;CS325;0001
JW323;Declaratie;TotaalIngediendBedrag\CDT_TotaalBedragMetDC;DebetCredit\LDT_DebetCredit;;;COD043;RS008: Maximale lengte 1 positie;Restrictie;RS008;
JW323;Header;Afzender\LDT_AgbCode;;;;;RS014: Maximale lengte 8 posities;Restrictie;RS014;
JW323;Header;Afzender\LDT_AgbCode;;;;;RS036: Vullen met 8 cijfers.;Restrictie;RS036;
JW323;Header;Ontvanger\LDT_Gemeente;;;;;RS035: Vullen met 4 cijfers.;Restrictie;RS035;
JW323;Header;BerichtIdentificatie\CDT_BerichtIdentificatie;Identificatie\LDT_IdentificatieBericht;;;;RS017: Maximale lengte 12 posities;Restrictie;RS017;
JW323;Header;BerichtIdentificatie\CDT_BerichtIdentificatie;Identificatie\LDT_IdentificatieBericht;;;;RS033: Geen lege elementen in XML.;Restrictie;RS033;
JW323;Header;BerichtIdentificatie\CDT_BerichtIdentificatie;Dagtekening\LDT_Datum;;;;RS032: Datum vullen zonder tijdzone.;Restrictie;RS032;
JW323;Header;BerichtCode\LDT_BerichtCode;;;;;RS010: Maximale lengte 3 posities;Restrictie;RS010;
JW323;Header;BerichtCode\LDT_BerichtCode;;;;;RS047: Vullen met BerichtCode volgens de specificatie;Restrictie;RS047;
JW323;Header;BerichtVersie;;;;;CS025: BerichtVersie vullen met 3.;Constraint;CS025;
JW323;Header;BerichtVersie\LDT_BerichtVersie;;;;;RS001: Minimale waarde 0;Restrictie;RS001;
JW323;Header;BerichtVersie\LDT_BerichtVersie;;;;;RS002: Maximale waarde 99;Restrictie;RS002;
JW323;Header;BerichtSubversie;;;;;CS015: BerichtSubversie vullen met 2.;Constraint;CS015;
JW323;Header;BerichtSubversie\LDT_BerichtSubversie;;;;;RS001: Minimale waarde 0;Restrictie;RS001;
JW323;Header;BerichtSubversie\LDT_BerichtSubversie;;;;;RS002: Maximale waarde 99;Restrictie;RS002;
JW323;Header;XsdVersie\CDT_XsdVersie;BerichtXsdVersie\LDT_Versie;;;;RS048: Vullen met een versienummer bestaande uit drie gehele getallen, gescheiden met punten.;Restrictie;RS048;
JW323;Header;XsdVersie\CDT_XsdVersie;BasisschemaXsdVersie\LDT_Versie;;;;RS048: Vullen met een versienummer bestaande uit drie gehele getallen, gescheiden met punten.;Restrictie;RS048;
JW323;Prestatie;ProductReferentie\CDT_Referentie;ReferentieNummer\LDT_ReferentieNummer;;ja;;RS019: Maximale lengte 20 posities;Restrictie;RS019;
JW323;Prestatie;ProductReferentie\CDT_Referentie;VorigReferentieNummer;;ja;;CD060: Verplicht vullen indien DebetCredit bij het ingediende bedrag de waarde C (credit) heeft, anders leeg laten.;Conditie;CD060;0001
JW323;Prestatie;ProductReferentie\CDT_Referentie;VorigReferentieNummer\LDT_ReferentieNummer;;ja;;RS019: Maximale lengte 20 posities;Restrictie;RS019;
JW323;Prestatie;ToewijzingNummer\LDT_Nummer;;;;;RS001: Minimale waarde 0;Restrictie;RS001;
JW323;Prestatie;ToewijzingNummer\LDT_Nummer;;;;;RS006: Maximale waarde 999999999 (9*9);Restrictie;RS006;
JW323;Prestatie;ProductCategorie\LDT_ProductCategorie;;;;JZ020;RS009: Maximale lengte 2 posities;Restrictie;RS009;
JW323;Prestatie;ProductCode\LDT_ProductCode;;;;;RS012: Maximale lengte 5 posities;Restrictie;RS012;
JW323;Prestatie;ProductCode\LDT_ProductCode;;;;;RS033: Geen lege elementen in XML.;Restrictie;RS033;
JW323;Prestatie;ProductPeriode;;;;;CS100: Vullen met een datum die groter dan of gelijk is aan 01-01-2021;Constraint;CS100;0001
JW323;Prestatie;ProductPeriode;;;;;CS337: Einddatum in de ProductPeriode vullen met een datum die valt in dezelfde kalendermaand en jaar als de Begindatum van de ProductPeriode;Constraint;CS337;0001
JW323;Prestatie;ProductPeriode\CDT_GeslotenPeriode;Begindatum\LDT_Datum;;;;RS032: Datum vullen zonder tijdzone.;Restrictie;RS032;
JW323;Prestatie;ProductPeriode\CDT_GeslotenPeriode;Einddatum\LDT_Datum;;;;RS032: Datum vullen zonder tijdzone.;Restrictie;RS032;
JW323;Prestatie;GeleverdVolume\LDT_Volume;;;;;RS001: Minimale waarde 0;Restrictie;RS001;
JW323;Prestatie;GeleverdVolume\LDT_Volume;;;;;RS005: Maximale waarde 99999999 (8*9);Restrictie;RS005;
JW323;Prestatie;Eenheid\LDT_Eenheid;;;;WJ756;RS009: Maximale lengte 2 posities;Restrictie;RS009;
JW323;Prestatie;ProductTarief;;;;;CD087: Als eenheid ongelijk is aan 83 (euro's) dan verplicht vullen, anders leeg laten.;Conditie;CD087;0001
JW323;Prestatie;ProductTarief\LDT_Bedrag;;;;;RS001: Minimale waarde 0;Restrictie;RS001;
JW323;Prestatie;ProductTarief\LDT_Bedrag;;;;;RS005: Maximale waarde 99999999 (8*9);Restrictie;RS005;
JW323;Prestatie;IngediendBedrag;;;;;CS339: Indien Eenheid de waarde 83 (euro's) heeft, moet IngediendBedrag gelijk zijn aan GeleverdVolume.;Constraint;CS339;0001
JW323;Prestatie;IngediendBedrag\CDT_BedragMetDC;Bedrag\LDT_Bedrag;;;;RS001: Minimale waarde 0;Restrictie;RS001;
JW323;Prestatie;IngediendBedrag\CDT_BedragMetDC;Bedrag\LDT_Bedrag;;;;RS005: Maximale waarde 99999999 (8*9);Restrictie;RS005;
JW323;Prestatie;IngediendBedrag\CDT_BedragMetDC;DebetCredit;;;;CS325: Indien (Totaal)Bedrag de waarde 0 heeft, dan DebetCredit vullen met D (Debet).;Constraint;CS325;0001
JW323;Prestatie;IngediendBedrag\CDT_BedragMetDC;DebetCredit\LDT_DebetCredit;;;COD043;RS008: Maximale lengte 1 positie;Restrictie;RS008;
JW325;Client;Bsn\LDT_BurgerServicenummer;;;ja;;CS002: De waarde moet voldoen aan de 11-proef.;Constraint;CS002;0001
JW325;Client;Bsn\LDT_BurgerServicenummer;;;ja;;RS015: Maximale lengte 9 posities;Restrictie;RS015;
JW325;Client;Bsn\LDT_BurgerServicenummer;;;ja;;RS037: Vullen met 9 cijfers.;Restrictie;RS037;
JW325;DeclaratieAntwoord;DeclaratieNummer\LDT_IdentificatieDeclaratie;;;ja;;RS017: Maximale lengte 12 posities;Restrictie;RS017;
JW325;DeclaratieAntwoord;TotaalIngediendBedrag\CDT_TotaalBedragMetDC;TotaalBedrag\LDT_TotaalBedrag;;;;RS001: Minimale waarde 0;Restrictie;RS001;
JW325;DeclaratieAntwoord;TotaalIngediendBedrag\CDT_TotaalBedragMetDC;TotaalBedrag\LDT_TotaalBedrag;;;;RS040: Maximale waarde 999999999999 (12*9);Restrictie;RS040;
JW325;DeclaratieAntwoord;TotaalIngediendBedrag\CDT_TotaalBedragMetDC;DebetCredit;;;;CS325: Indien (Totaal)Bedrag de waarde 0 heeft, dan DebetCredit vullen met D (Debet).;Constraint;CS325;0001
JW325;DeclaratieAntwoord;TotaalIngediendBedrag\CDT_TotaalBedragMetDC;DebetCredit\LDT_DebetCredit;;;COD043;RS008: Maximale lengte 1 positie;Restrictie;RS008;
JW325;DeclaratieAntwoord;TotaalToegekendBedrag\CDT_TotaalBedragMetDC;TotaalBedrag\LDT_TotaalBedrag;;;;RS001: Minimale waarde 0;Restrictie;RS001;
JW325;DeclaratieAntwoord;TotaalToegekendBedrag\CDT_TotaalBedragMetDC;TotaalBedrag\LDT_TotaalBedrag;;;;RS040: Maximale waarde 999999999999 (12*9);Restrictie;RS040;
JW325;DeclaratieAntwoord;TotaalToegekendBedrag\CDT_TotaalBedragMetDC;DebetCredit;;;;CS325: Indien (Totaal)Bedrag de waarde 0 heeft, dan DebetCredit vullen met D (Debet).;Constraint;CS325;0001
JW325;DeclaratieAntwoord;TotaalToegekendBedrag\CDT_TotaalBedragMetDC;DebetCredit\LDT_DebetCredit;;;COD043;RS008: Maximale lengte 1 positie;Restrictie;RS008;
JW325;Header;Afzender\LDT_Gemeente;;;;;RS035: Vullen met 4 cijfers.;Restrictie;RS035;
JW325;Header;Ontvanger\LDT_AgbCode;;;;;RS014: Maximale lengte 8 posities;Restrictie;RS014;
JW325;Header;Ontvanger\LDT_AgbCode;;;;;RS036: Vullen met 8 cijfers.;Restrictie;RS036;
JW325;Header;BerichtIdentificatie\CDT_BerichtIdentificatie;Identificatie\LDT_IdentificatieBericht;;;;RS017: Maximale lengte 12 posities;Restrictie;RS017;
JW325;Header;BerichtIdentificatie\CDT_BerichtIdentificatie;Identificatie\LDT_IdentificatieBericht;;;;RS033: Geen lege elementen in XML.;Restrictie;RS033;
JW325;Header;BerichtIdentificatie\CDT_BerichtIdentificatie;Dagtekening\LDT_Datum;;;;RS032: Datum vullen zonder tijdzone.;Restrictie;RS032;
JW325;Header;BerichtCode\LDT_BerichtCode;;;;;RS010: Maximale lengte 3 posities;Restrictie;RS010;
JW325;Header;BerichtCode\LDT_BerichtCode;;;;;RS047: Vullen met BerichtCode volgens de specificatie;Restrictie;RS047;
JW325;Header;BerichtVersie;;;;;CS025: BerichtVersie vullen met 3.;Constraint;CS025;
JW325;Header;BerichtVersie\LDT_BerichtVersie;;;;;RS001: Minimale waarde 0;Restrictie;RS001;
JW325;Header;BerichtVersie\LDT_BerichtVersie;;;;;RS002: Maximale waarde 99;Restrictie;RS002;
JW325;Header;BerichtSubversie;;;;;CS015: BerichtSubversie vullen met 2.;Constraint;CS015;
JW325;Header;BerichtSubversie\LDT_BerichtSubversie;;;;;RS001: Minimale waarde 0;Restrictie;RS001;
JW325;Header;BerichtSubversie\LDT_BerichtSubversie;;;;;RS002: Maximale waarde 99;Restrictie;RS002;
JW325;Header;XsdVersie\CDT_XsdVersie;BerichtXsdVersie\LDT_Versie;;;;RS048: Vullen met een versienummer bestaande uit drie gehele getallen, gescheiden met punten.;Restrictie;RS048;
JW325;Header;XsdVersie\CDT_XsdVersie;BasisschemaXsdVersie\LDT_Versie;;;;RS048: Vullen met een versienummer bestaande uit drie gehele getallen, gescheiden met punten.;Restrictie;RS048;
JW325;Header;DeclaratieIdentificatie\CDT_BerichtIdentificatie;Identificatie\LDT_IdentificatieBericht;;;;RS017: Maximale lengte 12 posities;Restrictie;RS017;
JW325;Header;DeclaratieIdentificatie\CDT_BerichtIdentificatie;Identificatie\LDT_IdentificatieBericht;;;;RS033: Geen lege elementen in XML.;Restrictie;RS033;
JW325;Header;DeclaratieIdentificatie\CDT_BerichtIdentificatie;Dagtekening\LDT_Datum;;;;RS032: Datum vullen zonder tijdzone.;Restrictie;RS032;
JW325;Header;XsltVersie\LDT_Versie;;;;;RS048: Vullen met een versienummer bestaande uit drie gehele getallen, gescheiden met punten.;Restrictie;RS048;
JW325;Header;XsdVersieDeclaratie\CDT_XsdVersie;BerichtXsdVersie\LDT_Versie;;;;RS048: Vullen met een versienummer bestaande uit drie gehele getallen, gescheiden met punten.;Restrictie;RS048;
JW325;Header;XsdVersieDeclaratie\CDT_XsdVersie;BasisschemaXsdVersie\LDT_Versie;;;;RS048: Vullen met een versienummer bestaande uit drie gehele getallen, gescheiden met punten.;Restrictie;RS048;
JW325;Prestatie;ProductReferentie\CDT_Referentie;ReferentieNummer\LDT_ReferentieNummer;;ja;;RS019: Maximale lengte 20 posities;Restrictie;RS019;
JW325;Prestatie;ProductReferentie\CDT_Referentie;VorigReferentieNummer;;ja;;CD060: Verplicht vullen indien DebetCredit bij het ingediende bedrag de waarde C (credit) heeft, anders leeg laten.;Conditie;CD060;0001
JW325;Prestatie;ProductReferentie\CDT_Referentie;VorigReferentieNummer\LDT_ReferentieNummer;;ja;;RS019: Maximale lengte 20 posities;Restrictie;RS019;
JW325;Prestatie;ToewijzingNummer\LDT_Nummer;;;;;RS001: Minimale waarde 0;Restrictie;RS001;
JW325;Prestatie;ToewijzingNummer\LDT_Nummer;;;;;RS006: Maximale waarde 999999999 (9*9);Restrictie;RS006;
JW325;Prestatie;ProductCategorie\LDT_ProductCategorie;;;;JZ020;RS009: Maximale lengte 2 posities;Restrictie;RS009;
JW325;Prestatie;ProductCode\LDT_ProductCode;;;;;RS012: Maximale lengte 5 posities;Restrictie;RS012;
JW325;Prestatie;ProductCode\LDT_ProductCode;;;;;RS033: Geen lege elementen in XML.;Restrictie;RS033;
JW325;Prestatie;ProductPeriode\CDT_GeslotenPeriode;Begindatum\LDT_Datum;;;;RS032: Datum vullen zonder tijdzone.;Restrictie;RS032;
JW325;Prestatie;ProductPeriode\CDT_GeslotenPeriode;Einddatum\LDT_Datum;;;;RS032: Datum vullen zonder tijdzone.;Restrictie;RS032;
JW325;Prestatie;GeleverdVolume\LDT_Volume;;;;;RS001: Minimale waarde 0;Restrictie;RS001;
JW325;Prestatie;GeleverdVolume\LDT_Volume;;;;;RS005: Maximale waarde 99999999 (8*9);Restrictie;RS005;
JW325;Prestatie;Eenheid\LDT_Eenheid;;;;WJ756;RS009: Maximale lengte 2 posities;Restrictie;RS009;
JW325;Prestatie;ProductTarief\LDT_Bedrag;;;;;RS001: Minimale waarde 0;Restrictie;RS001;
JW325;Prestatie;ProductTarief\LDT_Bedrag;;;;;RS005: Maximale waarde 99999999 (8*9);Restrictie;RS005;
JW325;Prestatie;IngediendBedrag\CDT_BedragMetDC;Bedrag\LDT_Bedrag;;;;RS001: Minimale waarde 0;Restrictie;RS001;
JW325;Prestatie;IngediendBedrag\CDT_BedragMetDC;Bedrag\LDT_Bedrag;;;;RS005: Maximale waarde 99999999 (8*9);Restrictie;RS005;
JW325;Prestatie;IngediendBedrag\CDT_BedragMetDC;DebetCredit;;;;CS325: Indien (Totaal)Bedrag de waarde 0 heeft, dan DebetCredit vullen met D (Debet).;Constraint;CS325;0001
JW325;Prestatie;IngediendBedrag\CDT_BedragMetDC;DebetCredit\LDT_DebetCredit;;;COD043;RS008: Maximale lengte 1 positie;Restrictie;RS008;
JW325;RetourCodes;RetourCode\LDT_RetourCode;;;;WJ001;RS011: Maximale lengte 4 posities;Restrictie;RS011;
;;;;;;;;;;
